,terms,rank
537,espaces agricoles pour l'agriculture,0.7586100000000001
917,ministère de l'agriculture,0.7355400000000001
152,chambre d'agriculture,0.73358
112,agriculture biologique,0.7313799999999999
328,espace agricole,0.68489
45,espaces agricoles,0.6821600000000001
497,chambre d'agriculture de l'hérault,0.6641499999999999
555,sociale agricole,0.6599299999999999
736,espaces agricoles pour la fonction,0.6596
880,potentiel agronomique,0.6584100000000002
739,foncier agricole,0.65798
804,cahiers agricultures,0.6572
99,exploitation agricole,0.6554900000000001
1,agriculture,0.6551800000000001
373,agricultures,0.65261
387,agriculteur,0.65221
772,agroécologie,0.6516200000000001
115,production agricole,0.64513
924,alimentation agriculture,0.64313
540,étude prealable agricole,0.6420600000000001
827,agronomiques,0.64165
517,politique agricole,0.63974
669,pratiques agricoles,0.63681
43,exploitations agricoles,0.6365
655,agriculture périurbaine,0.6356700000000001
203,activité agricole,0.63483
546,espaces agricoles et naturels,0.6306400000000002
459,agriculture de l'hérault,0.6305099999999999
16,agriculteurs,0.6271
174,terres agricoles,0.62623
127,agricole,0.62507
503,innovations agronomiques,0.6248100000000001
921,agricole et alimentaire,0.6193700000000001
508,activités agricoles,0.6174799999999999
541,agricoles et naturels,0.61251
791,politiques agricoles,0.60933
698,produits agricoles,0.6050099999999999
820,agricoles,0.6004299999999999
354,terrain agricole,0.60021
279,agricoles et forestiers,0.5969700000000001
601,crédit agricole,0.59252
779,agriculture de précision,0.58836
925,zones agricoles,0.57942
816,productions agricoles,0.5792300000000001
447,prealable agricole,0.57643
940,jeunes agriculteurs,0.5642
303,agro,0.5616299999999999
677,eau d'irrigation,0.5583099999999999
519,agri,0.55253
624,développement économique,0.54851
658,communauté d'agglomération,0.53218
608,développement rural,0.53129
769,services de soutien à l'exploitation forestière,0.5189199999999999
462,montpellier étude prealable agricole,0.51244
746,exploitants agricoles,0.51063
480,mutualité sociale agricole,0.51045
350,plan local d'urbanisme,0.50893
353,local d'urbanisme,0.50476
128,soutien à l'exploitation forestière,0.50466
455,surface agricole,0.5011599999999999
445,producteurs de pays,0.49687000000000003
192,agglomération,0.49596
890,système de production,0.48651
931,durabilité des exploitations,0.48607000000000006
745,produits animaux,0.48338000000000003
56,légumes,0.47981999999999997
236,vie de la réutilisation des eaux,0.47639
211,systèmes de production,0.47424999999999995
668,schéma de cohérence territoriale,0.47018000000000004
868,espaces productifs,0.4698599999999999
300,lieu de distribution,0.46864
135,économie,0.4622300000000001
319,région afrique du nord,0.4609500000000001
594,production végétale,0.4608600000000001
989,exploitations professionnelles,0.4601100000000001
716,aménagement du territoire,0.45890000000000003
269,documents d'urbanisme,0.45734
741,productivité du travail,0.45642000000000005
985,écosystèmes,0.4545699999999999
729,surfaces agricoles,0.454
214,réutilisation des eaux,0.45370999999999995
231,vie de la réutilisation des eaux usées,0.4535
806,propriétaires,0.4514899999999999
471,agriculture durable,0.4513000000000001
283,espace rural,0.44957
858,organismes,0.44905999999999996
79,irrigation,0.4454300000000001
24,producteurs,0.44458000000000003
527,région afrique,0.44392000000000004
525,producteur,0.44309000000000004
251,viticulture,0.44231999999999994
703,cote d'azur,0.44159
12,territoire,0.44078
26,lieux de distribution,0.4406
92,territoires,0.44008
617,cohérence territoriale,0.43423
225,exploitation forestière,0.43403
737,eaux usées chapitre,0.43306000000000006
466,montpellier sup agro,0.43004999999999993
611,milieu rural,0.42942
416,gestion de l'eau,0.42862
143,biodiversité,0.42857
435,distribution en circuits courts collectifs,0.42739000000000005
661,ressources en eau,0.42635000000000006
210,réutilisation des eaux usées,0.42619999999999997
945,de superficie des emplois,0.42607
506,origine,0.42578000000000005
708,étude prealable,0.42524999999999996
819,contournement,0.425
688,schéma de cohérence,0.42451999999999995
418,arbres,0.42259
644,qualité de l'eau,0.42166000000000003
958,cote d'azur nîmes,0.42126
490,équipements,0.42126
635,contournement ouest,0.42103999999999997
227,afrique,0.42057
498,traitement tertiaire,0.42035999999999996
308,ressource en eau,0.41972000000000004
842,équipement,0.41947999999999996
343,moyen-orient,0.41829
826,services de soutien à l'exploitation,0.41685
168,espaces naturels,0.41495999999999994
874,équipe,0.41495000000000004
723,ressources naturelles,0.4146300000000001
89,urbanisme,0.41339
199,retour sommaire,0.41326
996,demandes locales,0.41314
368,plantes,0.41274999999999995
18,communes,0.41174
758,ferme,0.40994
634,ingénieur,0.40914
801,fermes,0.40887
181,hectares,0.40842999999999996
725,environnement de travail,0.40736999999999995
5,développement,0.40681
649,nombre de lieux de distribution,0.40628000000000003
496,planification,0.40614999999999996
730,aménagement foncier,0.4058999999999999
867,sciences économiques,0.40539
977,eau usée,0.40424000000000004
323,contexte,0.40343
413,hectare,0.40286
419,espaces verts,0.40257000000000004
376,insee,0.40254
381,animaux,0.40223000000000003
882,zones d'activités,0.4017799999999999
47,marché,0.39951000000000003
822,campagne,0.39944999999999997
477,nord – moyen-orient,0.39882
612,méthodes,0.39801000000000003
511,environnement analyse,0.39782
679,maîtrise d'ouvrage,0.39720999999999995
310,vie de la réutilisation,0.3944
663,environnement de l'inra,0.39429
830,arboriculture,0.39342
727,énergie,0.39308
696,espaces ouverts,0.3923
403,aude,0.39227
798,collectivité,0.39202000000000004
160,soutien à l'exploitation,0.3917
717,forêts,0.39131
126,enjeux de l'artificialisation,0.38997000000000004
650,auteurs,0.38927
86,mission cep année,0.38904
263,eaux usées,0.38889999999999997
7,eau,0.38857
947,industrie,0.38811
956,professionnel publié,0.38777000000000006
552,paniers interne,0.3875
469,chefs d'exploitation,0.3868600000000001
451,collectivités,0.38624
545,communes de la classe,0.38599000000000006
243,forme,0.38575
396,entretien,0.38532
871,courrier,0.38519000000000003
311,environnement analyse du cycle,0.3839
393,espaces ruraux,0.38374
621,enjeux et pratiques,0.38359000000000004
262,vente directe,0.38350000000000006
748,rhone,0.38346
147,compte,0.38265000000000005
60,commune,0.38226
415,vente paniers interne,0.38147999999999993
964,organisation du travail,0.38094
242,monde,0.37999
237,cycle de vie de la réutilisation,0.37992
834,cours d'eau,0.3797400000000001
836,base de données,0.37968999999999997
974,logiques de développement,0.37922
542,approche,0.37901999999999997
139,évolution,0.37801999999999997
123,cep année,0.37744
563,communauté,0.37670000000000003
356,quartier,0.37620000000000003
39,fruits et légumes,0.3759
272,terre,0.37584999999999996
889,observatoire,0.3745400000000001
31,environnement,0.37448000000000004
96,entreprise,0.3744
184,localisation,0.37374
952,aop,0.37323000000000006
313,littoral,0.37234
719,évolutions,0.3719
258,agglomération de montpellier,0.37093
667,quartiers,0.37085999999999997
756,préservation des espaces,0.37073000000000006
389,formes,0.37071
838,interne vente paniers,0.37004000000000004
839,paniers interne vente,0.3698
293,lieux de distribution en circuits,0.36931
234,forêt,0.36901
782,paysans,0.3689
564,commercialisation,0.36872
570,systèmes de culture,0.3678
125,villes,0.36746
351,méthode,0.36739
609,développement des circuits,0.36717999999999995
67,département,0.36614
87,acteurs,0.36521000000000003
423,rhone alpes,0.36463999999999996
485,plan local,0.36422000000000004
774,groupe de travail,0.3639
646,février,0.36368000000000006
473,chapitre,0.36351999999999995
158,domaine,0.36336000000000007
452,propriété,0.36321
682,ouvrage,0.36313999999999996
530,occupation des sols,0.36299000000000003
920,maîtrise de l'artificialisation,0.36284000000000005
512,pêche,0.36277000000000004
988,accompagnement,0.36222
935,rennes,0.3615799999999999
768,aire urbaine,0.36095999999999995
664,densité de population,0.36073999999999995
659,nombre d'exploitations,0.35923
606,annexe,0.35848
131,réseau,0.35848
454,fonctionnement,0.35827
475,vente paniers,0.35816
29,ville,0.35812000000000005
652,côté,0.35807
129,eaux,0.35775999999999997
399,soutien aux cultures,0.35775
651,alpes,0.35747000000000007
479,valeurs,0.35731
101,moyenne,0.3573
922,land,0.35668
948,région languedoc-roussillon,0.35656
57,enjeux,0.35636999999999996
95,système,0.35525999999999996
892,rhone alpes provence-alpes,0.3549399999999999
905,catégorie,0.35422
616,départements,0.35388000000000003
705,charte,0.35385
700,paniers interne vente paniers,0.35378999999999994
980,station d'épuration,0.35376
2,production,0.35366000000000003
492,eau potable,0.35333999999999993
208,plaine,0.3529
369,occupation du sol,0.3526
355,terrains,0.35198
392,prise en compte,0.35195000000000004
586,maghreb,0.3518
50,terres,0.35166000000000003
803,changements climatiques,0.35146
593,provence-alpes cote d'azur,0.35127
888,pression foncière,0.35122
963,culture de la vigne,0.35100999999999993
722,région occitanie,0.35091
14,espace,0.35075
104,plan,0.35
460,bio,0.34997
908,faveur,0.3499
274,manière,0.3496
571,particulier,0.34817000000000004
291,régions,0.34817
568,cahiers,0.34797
832,coûts,0.34785
244,changement climatique,0.34765
457,courts collectifs,0.34734
59,systèmes,0.34697999999999996
436,aires urbaines,0.3468399999999999
197,traitement,0.34659
223,terme,0.34636
873,philippe,0.34597999999999995
116,carte,0.34569
382,productivité,0.34482
266,lieux de distribution en circuits courts,0.34453
642,auvergne,0.3439
385,accueil,0.34382999999999997
417,enjeu,0.34374
241,étalement,0.3433900000000001
433,île-de-france,0.34252
424,d'azur,0.34218
405,iau île-de-france,0.34169
543,pays de l'or,0.34128
257,paysages,0.34123000000000003
476,mende,0.34086000000000005
579,extension,0.34070999999999996
105,languedoc-roussillon,0.34051
500,limite,0.34028
824,ouverture,0.34025
334,maintien,0.34018000000000004
37,recherche,0.34013
195,création,0.34002999999999994
394,sylvi et pêche,0.33997
509,coût,0.33992
40,gestion,0.33966
881,coopérative,0.33963000000000004
489,tunisie,0.33962000000000003
200,emplois,0.33951000000000003
899,baisse,0.33838999999999997
802,petites exploitations,0.33838
846,fabrègues,0.33832999999999996
91,enjeux de l'artificialisation des sols,0.33821
384,réutilisation,0.33816000000000007
306,parc,0.33765
3,espaces,0.33682999999999996
761,prealable,0.33663
927,comité,0.33654
458,languedoc roussillon,0.33592
108,entreprises,0.33569
857,ligne,0.33559
670,industries,0.3353
896,démarches collectives,0.33526
297,termes,0.33525
812,bâtiments,0.33447
805,atelier,0.33411
770,béziers,0.33399999999999996
173,vigne,0.33395
622,département de l'hérault,0.33375
206,conditions,0.3331099999999999
944,parcs,0.33282
124,productions,0.33157
710,fiche,0.33138
789,appel,0.33136
732,espaces urbains,0.33109000000000005
465,maison,0.33102
559,montpellier étude prealable,0.33096
800,histoire,0.33096
491,réseaux,0.33081000000000005
523,aire,0.33065
66,occitanie,0.33033
191,languedoc,0.33014
662,inventaire,0.32977999999999996
70,année,0.32966000000000006
915,saison,0.32964000000000004
32,vente,0.32961000000000007
553,développement urbain,0.32898
484,cette,0.3289700000000001
762,connaissance,0.32885
338,aires,0.32872000000000007
691,adresse,0.32861
193,nature,0.32807000000000003
75,lieu,0.32799000000000006
281,retour,0.32711
260,objectifs,0.32683000000000006
869,midi pyrenees rhone alpes,0.32677999999999996
138,vignes,0.32653999999999994
141,étalement urbain,0.32643000000000005
52,données,0.32624
256,occupation,0.32614000000000004
464,de montpellier étude prealable,0.32614
995,grande partie,0.32594
100,cours,0.32523
584,limites,0.32496
853,pesticides,0.32493
787,constructions,0.32486000000000004
959,infrastructures,0.32469999999999993
531,institut,0.32467999999999997
560,développement des circuits courts,0.32449
270,procédés pour l'environnement analyse,0.32422000000000006
939,partenaires,0.3242
860,périphérie,0.32392999999999994
406,adaptation,0.32391000000000003
299,procédés pour l'environnement,0.32385
626,dernières années,0.32382
259,ouest,0.3236
362,perte,0.32347
932,lattes,0.32297
121,emploi,0.32281000000000004
102,pratiques,0.3205
73,ans,0.32042
8,région,0.32032
134,urbanisation,0.32002
998,olivier,0.32001
327,circuits courts collectifs,0.31995999999999997
986,prix du foncier,0.31948
398,caractéristiques,0.31928
364,méditerranée métropole,0.319
835,ministère,0.31881
414,stratégie,0.31857
140,partie,0.31851
885,village,0.31826
408,contournement ouest de montpellier,0.31811
901,droit,0.31738000000000005
171,politique,0.31725000000000003
960,volonté,0.3167700000000001
912,cours de la période,0.31666
202,objectif,0.31661999999999996
317,méditerranée,0.31655
709,nîmes carcassonne,0.31606
969,établissement,0.31605000000000005
720,domaines,0.31575000000000003
711,enaf,0.31560999999999995
365,bois,0.31554000000000004
213,produit,0.3153499999999999
10,produits,0.31526
641,d'azur midi pyrenees,0.31456
90,années,0.31425000000000003
907,provence-alpes cote,0.31392
229,groupe,0.31362999999999996
166,ressources,0.31341
693,ménages,0.31304999999999994
235,organisation,0.31298000000000004
775,nombre de lieux,0.31283000000000005
707,chiffre,0.3120900000000001
815,espace urbain,0.31198
878,rendement,0.31178
265,ressource,0.31167
683,comparaison,0.31135999999999997
865,circuits courts alimentaires,0.3113
796,mise en valeur,0.31122999999999995
4,exploitations,0.31043
93,travaux,0.31031
840,achat,0.31017
472,climat,0.30987
704,provence-alpes cote d',0.30962999999999996
337,sécurité alimentaire,0.30954000000000004
997,émissions,0.30948999999999993
926,centre ville,0.30912
217,superficie,0.30845
106,cadre,0.30831
749,provence-alpes,0.30828000000000005
247,éléments,0.30817
715,narbonne,0.30794
687,roussillon,0.30789
148,soutien,0.30757
856,pierre,0.30696
618,recherches,0.3065399999999999
981,maraîchage,0.30627999999999994
740,rendements,0.30621
992,idée,0.30596999999999996
439,installation,0.30596
114,résultats,0.30537
400,santé,0.30464
386,modèle,0.30442
532,viande,0.30437000000000003
742,qualité de vie,0.30430999999999997
587,lozère,0.30371000000000004
718,points de vente,0.30325
221,nîmes,0.30319
51,pays,0.3026
228,génie des procédés pour l'environnement,0.3024300000000001
692,politiques publiques,0.30233999999999994
180,parcelles,0.30219
248,augmentation,0.30217
21,hérault,0.30184999999999995
994,herault,0.30184999999999995
183,jour,0.30146999999999996
216,grandes cultures,0.3012
390,milieux,0.30093
753,modèles,0.30073
468,schéma,0.30066
759,d'azur midi,0.30043000000000003
325,modalités,0.30008
855,sécheresse,0.30008
276,food,0.29974
751,pêche culture,0.29951
619,chiffres,0.29913
107,terrain,0.29897
968,nîmes carcassonne montpellier,0.29879
562,disponibilité alimentaire,0.2986
883,institut national,0.29846000000000006
401,filières,0.29840999999999995
690,chasse,0.29832000000000003
547,carnets pratiques,0.29821
78,marchés,0.29779000000000005
529,mois,0.29688000000000003
610,ordre,0.29682
375,habitat,0.29573000000000005
589,éleveurs,0.29498
548,tonnes,0.2949799999999999
891,semaines,0.2941499999999999
321,hab,0.29405000000000003
507,iau,0.29368000000000005
983,partenariat,0.29344000000000003
713,usage des sols,0.29313
505,réalisation,0.29311
566,crise,0.29303999999999997
374,ville de montpellier,0.29297
906,montpellier perpignan,0.2927600000000001
41,activités,0.29272
94,site,0.29218
518,prise,0.29185
647,restauration,0.29185
421,structures,0.2917200000000001
534,revenu,0.29162
578,scénarios,0.29144
267,transformation,0.29138000000000003
261,conseil,0.29138
441,parcelle,0.29061
85,mission cep,0.29033999999999993
179,démarches,0.29030999999999996
49,aménagement,0.29009
109,effet,0.2896
366,enquête,0.28935
946,mitage,0.28918999999999995
340,travers,0.28900999999999993
177,croissance,0.28887
672,chefs,0.28880000000000006
426,chiffre d'affaires,0.28867999999999994
870,ministre,0.28863000000000005
875,ra,0.28862
149,besoins,0.28840999999999994
402,cohérence,0.28811
763,raison,0.28780000000000006
159,utilisation,0.28765999999999997
156,jours,0.2874600000000001
9,france,0.28742
637,point de vente,0.28741
98,temps,0.28648999999999997
678,maroc,0.28641
550,famille,0.28615
933,maire,0.2860600000000001
565,liste,0.28601
954,modélisation,0.28597
966,matières,0.28574
666,carcassonne montpellier,0.28547
632,scénario,0.28503
438,ouest de montpellier,0.28477
596,montagne,0.28434000000000004
972,chef,0.28415
404,programme,0.2841
46,qualité,0.28398
697,plans,0.28393999999999997
11,exploitation,0.28392
120,société,0.28371
315,cedex,0.28366
575,route,0.28346
318,maîtrise,0.28342000000000006
371,ea,0.28246000000000004
428,jardin,0.28208
212,perpignan,0.28200000000000003
776,boutiques en dépôt-vente,0.28158999999999995
520,vallée,0.28137
62,métropole,0.28123000000000004
633,azur,0.28115999999999997
814,aménagements,0.28104
161,demande,0.2809900000000001
843,artificialisation nette,0.28089000000000003
750,rivière,0.28089
0,montpellier,0.28073000000000004
792,stratégies,0.27992999999999996
194,e,0.27967
336,innovation,0.27962000000000004
535,capacité,0.2794899999999999
757,semaine,0.2793
786,possibilité,0.27929
760,azur midi pyrenees,0.27895
150,accès,0.27886
591,décembre,0.27869
614,maïs,0.27868999999999994
215,classe,0.27846000000000004
176,cep,0.27804999999999996
119,paysage,0.27791999999999994
784,caractère,0.27760000000000007
928,conception,0.27757
294,effets,0.27753
320,patrimoine,0.27742000000000006
463,ouest de montpellier étude,0.2774
600,croissance démographique,0.27704
271,montpellier méditerranée métropole,0.27661
937,enquêtes,0.27649
361,mer,0.27564
333,montpellier méditerranée,0.27459
113,élevage,0.2744400000000001
137,démarche,0.27382999999999996
220,outils,0.27382
630,montpellier société,0.27375999999999995
314,personnes,0.27371
639,structure,0.27369
528,nord –,0.27366
363,aide,0.27363000000000004
188,développement durable,0.27352999999999994
277,action,0.27277
69,habitants,0.27191
808,groupes,0.27179999999999993
249,céréales,0.27164
744,modification,0.27138
514,innovations,0.27066999999999997
331,pôle,0.2706
733,répartition,0.27039
359,demandes,0.26969
275,usages,0.26959999999999995
694,chemin,0.26946
793,hab km,0.26937
357,densité,0.26905
734,egypte,0.26892000000000005
724,application,0.26866999999999996
38,activité,0.2686
913,acv,0.26850999999999997
35,étude,0.26835000000000003
245,fronts urbains,0.26827
44,lieux,0.26815
397,offre,0.26792
175,cycle de vie,0.26786000000000004
130,paniers,0.26722999999999997
163,nord,0.26721
592,réduction,0.2670900000000001
253,cirad,0.26643
660,tourisme,0.26641000000000004
167,construction,0.26578
80,artificialisation des sols,0.26548
205,consommateurs,0.26518
577,vins,0.26504999999999995
474,façon,0.26504
239,distribution en circuits courts,0.26493
372,bassin,0.26469
987,huile,0.26444999999999996
558,de montpellier étude,0.2643
962,mots-clés,0.26402000000000003
170,jardins,0.26382999999999995
911,vergers,0.2637
941,moyen,0.2636
296,gard,0.26328
407,carcassonne,0.26288999999999996
735,montpellier étude,0.26212
380,taille,0.26205
576,ab,0.26166
224,matière,0.26077
598,associations,0.26052
28,zones,0.26006000000000007
427,terroir,0.25995
63,proximité,0.25910999999999995
182,inra,0.25877
569,typologie,0.25862
831,notion,0.25833
481,mauguio,0.25800999999999996
965,offres,0.25762
862,pôle urbain,0.25687
264,mise en place,0.25661
298,mise en uvre,0.25643000000000005
825,identité,0.25642
613,phénomène,0.25626
631,dijon,0.25621999999999995
863,habitant,0.25577999999999995
118,amap,0.25554
549,sco,0.25539999999999996
799,intégration,0.25522000000000006
284,actions,0.255
53,part,0.25493
845,phase,0.25491
597,blé,0.25484999999999997
304,sécurité,0.25446
278,secteurs,0.25441
797,diversification,0.25422
77,secteur,0.25412
142,période,0.25355000000000005
309,sources,0.25276
238,sites,0.25275
603,tendance,0.2526399999999999
854,importations,0.25259
645,mutualité sociale,0.25259
557,sens,0.25239
599,besoin,0.25234
326,iau île-de-france mars,0.25218
731,transport,0.25217
411,pôles urbains,0.25172
823,air,0.25154
64,alimentation,0.25137
706,jean,0.25040000000000007
984,grand nombre,0.24985
501,orientations,0.24952999999999995
110,impacts,0.24941
893,etat,0.24871000000000004
207,état,0.24871000000000004
685,aides,0.24867999999999993
122,mission,0.24859
976,azur midi,0.24825
25,zone,0.2481
268,base,0.24779
341,vue,0.24747000000000002
378,agence,0.24728
54,place,0.24709000000000003
169,fonction,0.24695999999999999
412,valorisation,0.24678999999999998
434,charge,0.24676
953,manque,0.246
833,implantation,0.24587000000000003
701,transports,0.24575999999999998
240,sud,0.2455
653,revenus,0.24539999999999998
288,distribution en circuits,0.24511
970,problèmes,0.24431000000000003
595,turquie,0.24416999999999994
979,dégradation,0.24396
811,élaboration,0.24342999999999998
847,responsabilité,0.24334000000000003
648,vocation principale,0.24329
844,orientation,0.24279
818,université de montpellier,0.24269000000000002
738,commerce,0.24201999999999999
938,dépendance,0.24184999999999998
629,lunel,0.24183
975,commerces,0.24155
628,fonctions,0.2414
132,usage,0.24103
872,principes,0.24058000000000002
209,rue,0.24043
620,synthèse,0.24034
345,outil,0.24014999999999995
522,filière,0.24004000000000003
852,o,0.23922999999999997
133,projets,0.23911000000000002
342,pression,0.23880000000000004
675,commission,0.23845999999999998
201,fournisseur,0.23836
695,moitié,0.23826
949,introduction,0.23818999999999999
204,changement,0.238
146,uvre,0.23750999999999997
65,–,0.23749999999999996
22,ha,0.23743999999999996
185,…,0.23737000000000003
766,consommateur,0.23708999999999997
58,analyse,0.23698999999999998
429,évaluation,0.23695000000000005
178,association,0.23628
348,définition,0.23618999999999998
809,décisions,0.23616
153,loi,0.23586999999999997
640,vignoble,0.23557
585,avenue,0.23523
894,the,0.23478000000000004
898,exemples,0.23462999999999998
289,tableau,0.23438000000000003
450,facteurs,0.23426
151,b,0.23379000000000003
302,situation,0.23361
510,université,0.23331
486,indicateur,0.23237000000000002
431,main,0.23235999999999996
97,source,0.23201
866,centres,0.23172
346,indicateurs,0.23157
111,vie,0.23156999999999997
273,études,0.23101999999999995
290,sau,0.23098000000000002
230,milieu,0.23011999999999996
752,pacte de milan,0.22949000000000003
305,montpellier montpellier,0.22902999999999998
467,île-de-france mars 2010,0.22874999999999995
934,grand,0.22862000000000005
743,moyens,0.22841999999999998
817,majorité,0.22826000000000005
551,avis,0.22815000000000002
955,import export,0.22803000000000004
859,saye,0.22742
982,haies,0.22664999999999996
625,progression,0.2264
929,vin,0.22632
33,artificialisation,0.22554
322,cycle,0.22462
316,or,0.22454000000000002
88,exemple,0.22386
671,règles,0.22353
999,thèse,0.22327000000000002
902,friches,0.22323999999999997
951,siège,0.22249999999999998
84,niveau,0.22216
513,lait,0.22207999999999997
292,direction,0.22196
72,ensemble,0.22151
440,unités,0.22136
189,front urbain,0.22123999999999996
828,romane saye,0.22043999999999997
607,bâti,0.22022
864,coopération,0.21997999999999998
55,nombre,0.21986999999999995
681,présentation,0.21985000000000002
627,st,0.21961999999999998
252,exploitants,0.21945
446,plu,0.21934
783,regard,0.21818000000000004
930,actualité,0.21808999999999998
312,changements,0.21806999999999999
422,midi pyrenees,0.21708000000000002
726,i,0.21602000000000002
81,échelle,0.21589999999999998
728,pyrenees,0.21589
848,toulouse,0.21509
76,mise,0.21457
409,intérêt,0.21452999999999997
636,romane saye master,0.21415
524,titre,0.21403999999999995
329,processus,0.21369
27,travail,0.21323000000000003
794,intrants,0.213
339,transition,0.21259
17,distribution,0.21241000000000004
544,lr,0.2123
754,kilocalories,0.21219000000000002
714,version,0.21179
307,unité,0.21061999999999997
971,recours,0.21048
990,fotolia,0.21016999999999997
837,montpellier montpellier montpellier,0.20914000000000002
526,potentiel,0.20898999999999995
444,point de vue,0.20867999999999998
219,informations,0.20847000000000002
222,types,0.20841000000000004
967,guide,0.20789999999999997
42,surfaces,0.20779
556,articles,0.20763999999999996
218,taux,0.20752
196,choix,0.20712000000000003
807,métiers,0.20634999999999998
19,projet,0.20628000000000002
330,article,0.20536
165,logements,0.20512999999999998
226,périmètre,0.20492999999999997
657,publication,0.20485999999999996
488,contribution,0.20368
919,poids,0.20359999999999995
580,contraintes,0.20327
461,durabilité,0.20321000000000003
349,garrigues,0.20301
588,000 vocation principale,0.20284
367,objet,0.20260000000000003
771,charges,0.20236
255,diversité,0.20215999999999998
909,0240z,0.20196000000000006
430,pôles,0.20168999999999998
360,fronts,0.20146999999999998
773,tiers,0.20126
604,europe,0.19988999999999998
449,référence,0.19966
68,rapport,0.19946000000000003
978,tél,0.19894000000000003
877,montpellier montpellier montpellier montpellier,0.19822999999999996
876,circuit,0.19773000000000002
379,sciences,0.19745000000000001
764,umr,0.19737
280,présence,0.19711000000000004
943,journée,0.19651000000000002
23,cultures,0.19602999999999998
144,centre,0.19602000000000003
157,r,0.19541000000000003
155,type,0.19524
918,trame,0.19482999999999995
602,pp,0.19476
521,logement,0.19433
20,p,0.19356
781,existence,0.19312
478,président,0.19311000000000003
561,mas,0.1931
638,5pour,0.19282
30,circuits,0.1924
61,fruits,0.19201000000000001
494,msa,0.19165000000000004
879,catégories,0.19153
676,carnets,0.19097999999999998
154,protection,0.19044999999999998
538,grâce,0.18997
172,impact,0.18986000000000003
370,information,0.18978
287,front,0.18964999999999999
942,local,0.189
765,membres,0.18835
425,vocation,0.18820000000000006
470,procédés,0.18759
851,suivi,0.18746
590,modes,0.18734
448,relation,0.18645
686,bilan,0.18529999999999996
13,circuits courts,0.18486
790,difficultés,0.18485999999999997
432,code,0.1839
665,décision,0.18366000000000002
829,début,0.18158999999999997
286,scot,0.18045
136,h,0.17972000000000002
499,saye master,0.17898999999999998
861,amélioration,0.17895
581,dynamique,0.17873999999999998
841,alimentation durable,0.17856999999999998
923,circuit court,0.1784
482,rôle,0.17838
914,concurrence,0.17833
495,salariés,0.17828
916,populations,0.17814999999999998
778,signaler,0.17803
623,diminution,0.17765
813,station,0.17762
301,importance,0.17733
358,question,0.17728000000000002
755,logique,0.17535
582,recensement,0.17451
250,service,0.17401000000000003
186,diagnostic,0.17400000000000002
383,ref,0.17397
82,consommation,0.17350000000000002
583,compensation,0.1729
36,surface,0.17226000000000002
785,dimensions,0.17213000000000003
504,millions de tonnes,0.17121
456,axes,0.17102
574,affaires,0.17098
285,paris,0.17053000000000001
821,– importance,0.17012000000000002
539,euros,0.16975
780,crédit,0.16946
254,chambre,0.16931
533,disponibilité,0.16901000000000002
903,expérience,0.16868
673,loisirs,0.16802999999999998
145,km,0.16687000000000002
71,culture,0.16606
656,trillions de kilocalories,0.16592
900,différents types,0.16585999999999998
643,critères,0.16566
187,lien,0.16457000000000002
420,questions,0.1645
332,document,0.16436
15,sols,0.16324999999999998
352,génie des procédés,0.16297999999999999
699,volume,0.16163
536,boutiques,0.16160000000000002
515,mode,0.16133
674,public,0.1611
897,zéro artificialisation,0.16094000000000003
973,profit,0.16056
198,sein,0.16009999999999996
410,champs,0.15984
767,axe,0.15922999999999998
795,numéro,0.15905999999999995
810,boutique,0.15861
34,services,0.15824999999999997
442,risques,0.15672000000000003
689,zéro artificialisation nette,0.15626
493,long terme,0.15594
910,quantité,0.15591
453,communication,0.15426
344,préservation,0.15292
83,sol,0.15266999999999997
395,mesures,0.15223000000000003
886,trillions,0.15125999999999998
437,champ,0.14997
887,lundi,0.14862
567,0240z services,0.14763
164,figure,0.14731
712,angers,0.14712
884,évidence,0.14689000000000002
232,mars,0.14682
993,mail,0.1467
554,fin,0.14617
516,contact,0.14514000000000002
957,zac,0.14181000000000002
572,midi,0.13989
702,génie,0.13960999999999998
654,master,0.13946
573,liens,0.13933
615,cf,0.13841000000000003
103,fr,0.13809999999999997
233,saint,0.13721
48,population,0.13619
991,mutualité,0.13356
295,face,0.13352
950,site internet,0.13330999999999998
747,logiques,0.13163
117,prix,0.13121
684,long,0.12899
483,pac,0.12857999999999997
443,suite,0.12778
347,dynamiques,0.12671
335,mesure,0.12633
850,total,0.12190000000000001
162,ddtm,0.12178
190,documents,0.11696999999999998
849,absence,0.11323000000000001
895,millions d'euros,0.11318999999999999
721,clients,0.11171
282,page,0.10980000000000001
377,date,0.10966000000000001
936,lecture,0.10926
777,respect,0.10513000000000002
391,points,0.10511999999999999
961,conclusion,0.10486000000000002
74,cas,0.10478999999999998
680,relations,0.10462
487,www,0.10421999999999998
788,dossier,0.10392000000000001
904,sylvi,0.10391000000000002
6,end,0.1004
502,min,0.10033999999999998
388,risque,0.09167
324,com,0.09138000000000002
246,millions,0.08181
605,internet,0.07174
